,state,act2018_participation,act2018_composite,act2018_eng,act2018_math,act2018_reading,act2018_science,sat2018_participation,sat2018_evi_based_read_write,sat2018_math,sat2018_total
0,Alabama,100.0,19.1,18.9,18.3,19.6,19.0,6.0,595.0,571.0,1166.0
1,Alaska,33.0,20.8,19.8,20.6,21.6,20.7,43.0,562.0,544.0,1106.0
2,Arizona,66.0,19.2,18.2,19.4,19.5,19.2,29.0,577.0,572.0,1149.0
3,Arkansas,100.0,19.4,19.1,18.9,19.7,19.4,5.0,592.0,576.0,1169.0
4,California,27.0,22.7,22.5,22.5,23.0,22.1,60.0,540.0,536.0,1076.0
5,Colorado,30.0,23.9,23.9,23.2,24.4,23.5,100.0,519.0,506.0,1025.0
6,Connecticut,26.0,25.6,26.0,24.8,26.1,24.9,100.0,535.0,519.0,1053.0
7,Delaware,17.0,23.2,23.7,23.1,24.5,23.4,100.0,505.0,492.0,998.0
8,District of Columbia,32.0,23.6,23.7,22.7,24.4,23.0,92.0,497.0,480.0,977.0
9,Florida,66.0,19.9,19.2,19.3,21.1,19.5,56.0,550.0,549.0,1099.0
10,Georgia,53.0,21.4,20.9,20.7,21.2,21.4,70.0,542.0,522.0,1064.0
11,Hawaii,89.0,18.9,18.2,19.0,19.1,19.0,56.0,480.0,530.0,1010.0
12,Idaho,36.0,22.3,21.9,21.6,23.2,22.1,100.0,508.0,493.0,1001.0
13,Illinois,43.0,23.9,24.1,23.4,24.2,23.4,99.0,513.0,506.0,1019.0
14,Indiana,32.0,22.5,21.9,22.3,23.1,22.2,63.0,542.0,532.0,1074.0
15,Iowa,68.0,21.8,21.0,21.2,22.5,22.0,3.0,634.0,631.0,1265.0
16,Kansas,71.0,21.6,21.0,21.1,22.3,21.5,4.0,633.0,631.0,1265.0
17,Kentucky,100.0,20.2,19.9,19.7,20.8,20.1,4.0,630.0,618.0,1248.0
18,Louisiana,100.0,19.2,19.0,18.5,19.6,19.1,4.0,615.0,595.0,1210.0
19,Maine,7.0,24.0,23.8,23.6,24.7,23.4,99.0,512.0,501.0,1013.0
20,Maryland,31.0,22.5,22.1,22.0,23.1,22.2,76.0,545.0,535.0,1080.0
21,Massachusetts,25.0,25.5,25.5,25.2,25.9,24.7,80.0,562.0,563.0,1125.0
22,Michigan,22.0,24.4,24.5,23.9,24.7,23.9,100.0,511.0,499.0,1011.0
23,Minnesota,99.0,21.3,20.2,21.4,21.7,21.4,4.0,643.0,655.0,1298.0
24,Mississippi,100.0,18.6,18.2,18.1,18.9,18.6,3.0,630.0,606.0,1236.0
25,Missouri,100.0,20.0,19.5,19.7,20.5,20.0,4.0,633.0,629.0,1262.0
26,Montana,100.0,20.0,18.7,19.9,20.7,20.0,10.0,606.0,592.0,1198.0
27,Nebraska,100.0,20.1,19.4,19.8,20.4,20.1,3.0,629.0,623.0,1252.0
28,Nevada,100.0,17.7,16.6,17.8,18.0,17.9,23.0,574.0,566.0,1140.0
29,New Hampshire,16.0,25.1,25.1,24.7,25.6,24.4,96.0,535.0,528.0,1063.0
30,New Jersey,31.0,23.7,23.8,23.6,24.0,23.0,82.0,547.0,547.0,1094.0
31,New Mexico,67.0,19.4,18.3,19.1,20.1,19.7,16.0,552.0,540.0,1093.0
32,New York,27.0,24.5,24.2,24.2,24.9,24.2,79.0,534.0,534.0,1068.0
33,North Carolina,100.0,19.1,18.0,19.3,19.5,19.2,52.0,554.0,543.0,1098.0
34,North Dakota,98.0,20.3,19.1,20.3,20.7,20.5,2.0,640.0,643.0,1283.0
35,Ohio,100.0,20.3,19.3,20.3,20.8,20.4,18.0,552.0,547.0,1099.0
36,Oklahoma,100.0,19.3,18.4,18.8,20.1,19.4,8.0,541.0,521.0,1062.0
37,Oregon,42.0,21.3,20.6,20.9,21.9,21.1,48.0,564.0,553.0,1117.0
38,Pennsylvania,20.0,23.5,23.3,23.2,24.0,23.1,70.0,547.0,539.0,1086.0
39,Rhode Island,15.0,24.2,24.4,23.6,25.0,23.5,97.0,513.0,505.0,1018.0
40,South Carolina,100.0,18.3,17.3,18.2,18.6,18.5,55.0,547.0,523.0,1070.0
41,South Dakota,77.0,21.9,20.8,21.6,22.4,22.2,3.0,622.0,618.0,1240.0
42,Tennessee,100.0,19.6,19.4,19.1,19.9,19.6,6.0,624.0,607.0,1231.0
43,Texas,41.0,20.6,19.6,20.6,21.1,20.8,66.0,520.0,512.0,1032.0
44,Utah,100.0,20.4,19.7,19.9,20.9,20.5,4.0,480.0,530.0,1010.0
45,Vermont,24.0,24.1,23.9,23.4,24.9,23.8,64.0,565.0,554.0,1120.0
46,Virginia,24.0,23.9,23.8,23.3,24.7,23.5,68.0,567.0,550.0,1117.0
47,Washington,24.0,22.2,21.4,22.2,22.7,22.0,69.0,543.0,538.0,1081.0
48,West Virginia,65.0,20.3,19.8,19.4,21.3,20.4,28.0,513.0,486.0,999.0
49,Wisconsin,100.0,20.5,19.8,20.3,20.6,20.8,3.0,641.0,653.0,1294.0
50,Wyoming,100.0,20.0,19.0,19.7,20.6,20.3,3.0,633.0,625.0,1257.0
